,City,Lat,Lng,Max Temp,Humidity,Cloudiness,Windspeed,Country,Date
0,abha,18.2164,42.5053,75.85,26,26,11.1,SA,1650024072
1,marsh harbour,26.5412,-77.0636,75.29,81,26,8.23,BS,1650024277
2,shenjiamen,29.9576,122.298,55.81,75,100,17.22,CN,1650024277
3,altar,30.7,-111.8167,61.29,11,60,4.32,MX,1650024277
4,la esperanza,14.8667,-91.5667,55.53,88,63,3.24,GT,1650024278
5,hithadhoo,-0.6,73.0833,84.02,64,22,3.87,MV,1650024278
6,kodiak,57.79,-152.4072,38.71,87,100,16.11,US,1650024278
7,albany,42.6001,-73.9662,46.72,85,27,7.52,US,1650024043
8,bluff,-46.6,168.3333,59.81,69,99,20.47,NZ,1650024240
9,latung,5.5,120.8833,82.51,76,77,7.25,PH,1650024279
10,port elizabeth,-33.918,25.5701,66.31,66,99,11.99,ZA,1650024214
11,matagami,49.7502,-77.6328,30.7,83,31,9.33,CA,1650024280
12,ngunguru,-35.6167,174.5,59.41,68,33,3.47,NZ,1650024280
13,opuwo,-18.0607,13.84,85.06,29,4,5.21,NA,1650024280
14,esperance,-33.8667,121.9,61.54,75,1,11.77,AU,1650024281
15,airai,-8.9266,125.4092,62.89,95,99,2.57,TL,1650024281
16,barrow,71.2906,-156.7887,-5.78,77,0,17.27,US,1650024282
17,bastia,42.6667,9.3333,70.93,49,0,5.75,FR,1650024282
18,krasnoshchekovo,51.6708,82.7289,60.57,31,7,6.78,RU,1650024282
19,korem,12.5058,39.5228,74.34,30,10,10.63,ET,1650024283
20,agadez,19.75,10.25,104.94,5,14,12.15,NE,1650024283
21,mataura,-46.1927,168.8643,59.49,61,66,10.54,NZ,1650024283
22,chokurdakh,70.6333,147.9167,9.9,96,100,5.73,RU,1650024283
23,saldanha,-33.0117,17.9442,63.1,57,0,30.76,ZA,1650024284
24,bozdar,27.1828,68.636,109.26,2,0,5.91,PK,1650024284
25,garwa,24.1833,83.8167,104.77,7,77,11.86,IN,1650024284
26,rodrigues alves,-7.738,-72.6509,71.94,98,99,2.21,BR,1650024285
27,sitka,57.0531,-135.33,30.09,69,0,3.44,US,1650024285
28,karratha,-20.7377,116.8463,85.95,68,37,8.55,AU,1650024285
29,tilichiki,60.4667,166.1,10.63,97,93,5.28,RU,1650024286
30,severo-kurilsk,50.6789,156.125,24.94,84,20,6.42,RU,1650024286
31,sakakah,29.9697,40.2064,80.35,12,0,7.29,SA,1650024286
32,hermanus,-34.4187,19.2345,65.8,50,35,19.73,ZA,1650024286
33,ushuaia,-54.8,-68.3,35.22,95,43,5.79,AR,1650024287
34,orebro,59.2741,15.2066,52.59,35,0,11.5,SE,1650024287
35,nome,64.5011,-165.4064,38.16,65,40,26.46,US,1650024287
36,kaupanger,61.1845,7.2404,43.09,98,73,0.43,NO,1650024288
37,butaritari,3.0707,172.7902,81.18,71,100,4.38,KI,1650024288
38,leningradskiy,69.3833,178.4167,17.38,96,100,10.69,RU,1650024288
39,bethel,41.3712,-73.414,54.01,60,0,0.0,US,1650024288
40,rikitea,-23.1203,-134.9692,77.7,69,3,15.43,PF,1650024289
41,port alfred,-33.5906,26.891,60.19,94,99,5.01,ZA,1650024289
42,mokhsogollokh,61.4681,128.9203,24.3,99,100,2.73,RU,1650024289
43,dukat,62.55,155.55,4.89,98,100,3.51,RU,1650024290
44,kapaa,22.0752,-159.319,71.92,81,20,14.97,US,1650024290
45,high rock,26.6208,-78.2833,77.02,76,78,5.75,BS,1650024290
46,high level,58.5169,-117.136,4.59,99,60,2.37,CA,1650024291
47,ortakoy,38.7373,34.0387,55.65,39,16,6.87,TR,1650024291
48,punta arenas,-53.15,-70.9167,41.11,93,20,4.61,CL,1650024291
49,valley city,46.9233,-98.0032,10.92,92,0,19.57,US,1650024292
50,tasiilaq,65.6145,-37.6368,33.96,99,100,7.09,GL,1650024292
51,kalmunai,7.4167,81.8167,84.74,77,49,12.39,LK,1650024293
52,northam,51.0333,-4.2167,61.66,79,65,8.05,GB,1650024293
53,denpasar,-8.65,115.2167,82.06,83,75,9.22,ID,1650024249
54,arraial do cabo,-22.9661,-42.0278,76.86,57,40,13.8,BR,1650024293
55,tual,-5.6667,132.75,84.43,72,88,5.17,ID,1650024294
56,chuy,-33.6971,-53.4616,64.44,71,84,8.23,UY,1650024294
57,vanimo,-2.6741,141.3028,79.68,86,30,4.52,PG,1650024294
58,emerald,-23.5333,148.1667,69.35,43,0,11.07,AU,1650024294
59,ancud,-41.8697,-73.8203,50.23,92,49,1.92,CL,1650024295
60,castro,-24.7911,-50.0119,55.8,72,58,4.05,BR,1650024017
61,busselton,-33.65,115.3333,61.63,84,0,9.55,AU,1650024295
62,cape town,-33.9258,18.4232,70.11,46,8,18.01,ZA,1650024021
63,hobart,-42.8794,147.3294,56.01,76,75,14.97,AU,1650024296
64,chapais,49.7834,-74.8492,31.71,81,24,8.41,CA,1650024296
65,jumla,29.2747,82.1838,61.79,32,77,5.64,NP,1650024297
66,guerrero negro,27.9769,-114.0611,58.12,79,82,13.6,MX,1650024297
67,vaini,-21.2,-175.2,78.96,89,40,5.75,TO,1650024298
68,smithers,54.7804,-127.1743,26.26,75,98,1.14,CA,1650024298
69,cidreira,-30.1811,-50.2056,61.18,78,58,12.3,BR,1650024299
70,flinders,-34.5833,150.8552,64.26,82,95,3.0,AU,1650024299
71,sao felix do xingu,-6.6447,-51.995,79.16,80,97,1.59,BR,1650024299
72,new norfolk,-42.7826,147.0587,55.65,69,60,1.63,AU,1650024300
73,bambari,5.768,20.6757,93.52,38,80,5.82,CF,1650024031
74,husavik,66.0449,-17.3389,46.27,73,83,14.14,IS,1650024300
75,pevek,69.7008,170.3133,10.22,87,33,2.21,RU,1650024301
76,dauphin,51.1494,-100.0502,14.14,73,100,16.11,CA,1650024301
77,bredasdorp,-34.5322,20.0403,62.37,39,85,14.67,ZA,1650024301
78,hobyo,5.3505,48.5268,86.47,59,77,11.48,SO,1650024302
79,thunder bay,48.4001,-89.3168,20.52,86,95,11.36,CA,1650024205
80,camacupa,-12.0167,17.4833,72.16,76,100,3.44,AO,1650024302
81,oranjemund,-28.55,16.4333,62.29,67,2,26.11,NA,1650024303
82,kota tinggi,1.7381,103.8999,86.04,87,100,2.35,MY,1650024253
83,nerchinskiy zavod,51.3088,119.61,39.09,53,100,14.14,RU,1650024303
84,pangody,65.85,74.4859,29.77,83,52,15.66,RU,1650024304
85,atuona,-9.8,-139.0333,78.42,78,25,14.0,PF,1650024304
86,tefe,-3.3542,-64.7114,73.51,100,40,0.0,BR,1650024304
87,salalah,17.0151,54.0924,86.76,48,2,10.31,OM,1650024079
88,callaway,30.153,-85.5699,62.96,73,0,6.91,US,1650024305
89,vila franca do campo,37.7167,-25.4333,64.81,76,54,12.66,PT,1650024305
90,goundam,16.4145,-3.6708,101.88,6,83,3.87,ML,1650024305
91,iqaluit,63.7506,-68.5145,-5.31,70,4,15.99,CA,1650024306
92,saint george,37.1041,-113.5841,48.79,28,0,4.61,US,1650024307
93,hilo,19.7297,-155.09,72.28,87,100,6.91,US,1650024308
94,victoria,22.2855,114.1577,75.33,76,8,17.0,HK,1650024241
95,port-cartier,50.0334,-66.8654,35.82,99,100,6.4,CA,1650024308
96,galesong,-5.3166,119.3661,78.82,79,63,4.97,ID,1650024309
97,mount isa,-20.7333,139.5,80.37,29,21,5.75,AU,1650024309
98,isangel,-19.55,169.2667,79.09,85,82,9.01,VU,1650024309
99,souillac,-20.5167,57.5167,80.98,74,40,12.66,MU,1650024118
100,tierralta,8.1736,-76.0592,77.79,91,99,4.18,CO,1650024310
101,kollam,8.8833,76.6,84.92,70,22,8.46,IN,1650024273
102,gamba,-2.65,10.0,85.08,67,100,3.8,GA,1650024245
103,tuktoyaktuk,69.4541,-133.0374,-15.54,100,99,3.02,CA,1650024311
104,bengkulu,-3.8004,102.2655,78.96,83,68,1.19,ID,1650024311
105,carnarvon,-24.8667,113.6333,78.87,69,80,9.22,AU,1650024312
106,the valley,18.217,-63.0578,79.11,73,12,20.27,AI,1650024313
107,mogadishu,2.0371,45.3438,85.05,68,100,11.34,SO,1650024177
108,puerto ayora,-0.7393,-90.3518,74.98,91,67,6.55,EC,1650024313
109,san jose,37.3394,-121.895,54.28,85,100,9.22,US,1650024032
110,chimoio,-19.1164,33.4833,82.29,62,52,3.78,MZ,1650024190
111,east london,-33.0153,27.9116,63.3,78,100,20.02,ZA,1650024314
112,berlevag,70.8578,29.0864,37.4,86,61,11.32,NO,1650024314
113,pauini,-7.7136,-66.9764,72.82,99,100,2.19,BR,1650024315
114,alofi,-19.0595,-169.9187,81.27,74,12,10.38,NU,1650024315
115,ilulissat,69.2167,-51.1,10.42,61,75,8.05,GL,1650024316
116,vila,42.0304,-8.1588,65.7,55,3,2.51,PT,1650024061
117,yellowknife,62.456,-114.3525,3.56,84,99,8.99,CA,1650024316
118,cori,41.6444,12.9128,75.09,49,100,4.0,IT,1650024316
119,cabo san lucas,22.8909,-109.9124,70.52,58,99,8.03,MX,1650024317
120,ponta do sol,32.6667,-17.1,71.71,83,30,5.12,PT,1650024317
121,chifeng,42.2683,118.9636,49.68,18,0,7.11,CN,1650024318
122,lorengau,-2.0226,147.2712,81.9,78,59,5.26,PG,1650024318
123,saskylakh,71.9167,114.0833,-12.35,100,34,0.69,RU,1650024052
124,iseyin,7.9667,3.6,92.7,43,86,4.7,NG,1650024318
125,siavonga,-16.5382,28.7088,86.99,52,20,5.41,ZM,1650024319
126,kohlu,29.8962,69.252,90.68,4,0,15.05,PK,1650024319
127,dikson,73.5069,80.5464,25.52,95,100,18.7,RU,1650024319
128,kostomuksha,64.571,30.5767,35.67,65,64,9.86,RU,1650024320
129,mar del plata,-38.0023,-57.5575,55.87,83,0,3.0,AR,1650024180
130,sorland,67.667,12.6934,38.05,69,100,5.88,NO,1650024038
131,abu kamal,34.4506,40.9171,76.75,10,35,12.55,SY,1650024320
132,thompson,55.7435,-97.8558,8.58,78,100,12.53,CA,1650024321
133,fortuna,40.5982,-124.1573,35.65,95,100,6.91,US,1650024321
134,ruidoso,33.3317,-105.673,56.05,11,0,23.02,US,1650024321
135,georgetown,5.4112,100.3354,85.95,74,20,3.44,MY,1650024322
136,hasaki,35.7333,140.8333,48.6,88,100,30.87,JP,1650024322
137,narsaq,60.9167,-46.05,28.62,78,97,6.35,GL,1650024322
138,upernavik,72.7868,-56.1549,-13.74,97,84,10.31,GL,1650024322
139,aklavik,68.2191,-135.0107,-16.87,99,99,3.62,CA,1650024323
140,oktyabrskoye,43.0645,44.7417,57.34,47,75,6.71,RU,1650024323
141,constitucion,-35.3333,-72.4167,54.01,82,82,4.81,CL,1650024279
142,deputatskiy,69.3,139.9,-1.7,91,100,2.84,RU,1650024324
143,elko,41.0002,-115.5012,35.62,86,99,11.01,US,1650024324
144,eyl,7.9803,49.8164,88.65,60,50,14.74,SO,1650024324
145,port hawkesbury,45.6169,-61.3485,37.9,97,100,4.0,CA,1650024325
146,socha,5.9976,-72.6928,54.86,79,100,2.68,CO,1650024325
147,namibe,-15.1961,12.1522,78.8,65,94,11.39,AO,1650024325
148,yarmouth,41.7057,-70.2286,48.67,94,75,8.05,US,1650024326
149,mount gambier,-37.8333,140.7667,62.51,100,100,4.61,AU,1650024326
150,san andres,12.5847,-81.7006,80.62,78,40,13.8,CO,1650024326
151,urdoma,61.7533,48.5442,34.54,70,100,9.06,RU,1650024327
152,bera,24.0833,89.6167,100.06,17,9,7.14,BD,1650024327
153,vaitape,-16.5167,-151.75,81.05,74,13,17.0,PF,1650024327
154,bathsheba,13.2167,-59.5167,77.61,88,75,13.8,BB,1650024328
155,pangnirtung,66.1451,-65.7125,0.09,87,17,1.5,CA,1650024328
156,muroto,33.2833,134.15,61.54,83,82,12.28,JP,1650024328
157,aguadulce,8.25,-80.55,78.71,76,100,4.32,PA,1650024328
158,longyearbyen,78.2186,15.6401,26.44,74,75,6.91,SJ,1650024329
159,endicott,42.0984,-76.0494,47.53,60,0,5.75,US,1650024329
160,cockburn town,21.4612,-71.1419,77.16,78,13,22.35,TC,1650024330
161,cap malheureux,-19.9842,57.6142,82.47,72,4,11.99,MU,1650024330
162,qaanaaq,77.484,-69.3632,-2.9,93,100,3.67,GL,1650024330
163,mahebourg,-20.4081,57.7,82.26,74,40,12.66,MU,1650024086
164,luderitz,-26.6481,15.1594,72.41,43,29,29.33,NA,1650024331
165,porto velho,-8.7619,-63.9039,75.25,94,75,2.3,BR,1650024324
166,ostrovnoy,68.0531,39.5131,31.8,84,70,9.89,RU,1650024332
167,koslan,63.4564,48.8989,31.73,70,100,9.75,RU,1650024332
168,belmonte,-15.8631,-38.8828,84.29,76,84,13.06,BR,1650024333
169,torbay,47.6666,-52.7314,35.89,72,88,3.0,CA,1650024333
170,xai-xai,-25.0519,33.6442,91.87,51,82,2.77,MZ,1650024333
171,vozhega,60.4725,40.2213,40.6,68,82,3.87,RU,1650024334
172,bilibino,68.0546,166.4372,8.15,92,34,5.3,RU,1650024334
173,daru,-9.0763,143.2092,81.05,86,100,10.87,PG,1650024335
174,polunochnoye,60.8697,60.4153,30.81,96,100,5.88,RU,1650024335
175,ushtobe,45.2514,77.9838,74.19,12,0,17.6,KZ,1650024335
176,bavleny,56.4,39.56,47.39,53,73,3.98,RU,1650024335
177,provideniya,64.3833,-173.3,32.32,93,100,17.27,RU,1650024336
178,nikolskoye,59.7035,30.7861,42.69,94,100,6.71,RU,1650024337
179,lavrentiya,65.5833,-171.0,26.38,92,93,14.85,RU,1650024337
180,faanui,-16.4833,-151.75,81.03,74,12,17.02,PF,1650024165
181,ambam,2.3833,11.2833,85.26,52,90,1.54,CM,1650024338
182,kropotkin,45.4375,40.5756,54.21,74,95,10.67,RU,1650024338
183,pueblo nuevo,23.3833,-105.3833,48.49,37,91,6.38,MX,1650024338
184,lompoc,34.6391,-120.4579,50.72,90,0,23.0,US,1650024339
185,sibu,2.3,111.8167,76.64,94,84,2.68,MY,1650024339
186,talnakh,69.4865,88.3972,32.56,98,100,18.81,RU,1650024339
187,esmeralda,21.8525,-78.1169,74.19,86,3,7.43,CU,1650024339
188,kirakira,-10.4544,161.9205,79.56,83,16,4.21,SB,1650024340
189,kaitangata,-46.2817,169.8464,51.44,74,46,6.53,NZ,1650024340
190,batagay-alyta,67.8006,130.4114,-0.04,98,40,5.79,RU,1650024341
191,macaubas,-13.0194,-42.6986,81.0,59,66,3.42,BR,1650024342
192,dickinson,29.4608,-95.0513,71.94,94,100,13.8,US,1650024342
193,puerto madryn,-42.7692,-65.0385,61.68,42,0,23.69,AR,1650024342
194,klaksvik,62.2266,-6.589,50.92,99,100,13.44,FO,1650024343
195,tabou,4.423,-7.3528,85.26,67,99,6.96,CI,1650024344
196,grand-santi,4.25,-54.3833,73.81,97,100,1.54,GF,1650024344
197,kargasok,59.0556,80.8572,43.93,100,98,2.3,RU,1650024345
198,vao,-22.6667,167.4833,71.96,90,100,16.42,NC,1650024346
199,iki-burul,45.8208,44.6472,50.9,78,99,13.87,RU,1650024346
200,gizo,-8.103,156.8419,81.55,77,100,10.0,SB,1650024346
201,ixtapa,20.7,-105.2,68.23,94,40,0.0,MX,1650024347
202,iralaya,15.0,-83.2333,78.46,79,81,8.88,HN,1650024347
203,mezen,65.8522,44.24,32.79,65,90,8.21,RU,1650024348
204,jinka,5.65,36.65,78.13,51,96,1.5,ET,1650024348
205,avarua,-21.2078,-159.775,73.45,100,52,2.3,CK,1650024348
206,schio,45.7124,11.3574,77.56,39,39,5.99,IT,1650024348
207,richards bay,-28.783,32.0377,78.22,70,4,13.51,ZA,1650024348
208,vardo,70.3705,31.1107,33.93,70,57,7.76,NO,1650024349
209,khatanga,71.9667,102.5,11.88,86,98,12.21,RU,1650024349
210,ballina,-28.8667,153.5667,64.58,99,50,10.76,AU,1650024349
211,kurilsk,45.2333,147.8833,31.6,87,100,4.56,RU,1650024350
212,beyneu,45.3167,55.2,67.24,22,45,9.26,KZ,1650024350
213,barquisimeto,10.0739,-69.3228,75.83,78,100,0.0,VE,1650024351
214,bouna,9.2667,-3.0,94.73,36,100,5.12,CI,1650024351
215,mandera,3.9366,41.867,96.08,33,100,6.17,KE,1650024351
216,maceio,-9.6658,-35.7353,83.64,69,75,11.5,BR,1650024227
217,geraldton,-28.7667,114.6,70.21,88,1,6.91,AU,1650024124
218,jamestown,42.097,-79.2353,47.52,41,0,10.0,US,1650024352
219,adrar,20.5022,-10.0711,88.79,12,0,2.19,MR,1650024352
220,panzhihua,26.5851,101.7128,79.21,34,60,7.43,CN,1650024349
221,kavieng,-2.5744,150.7967,82.81,76,85,9.8,PG,1650024353
222,sweetwater,25.7634,-80.3731,78.03,91,20,8.05,US,1650024354
223,norsup,-16.0667,167.3833,80.26,80,67,0.94,VU,1650024354
224,half moon bay,37.4636,-122.4286,53.29,85,100,10.36,US,1650024354
225,sao filipe,14.8961,-24.4956,72.86,72,3,8.72,CV,1650024355
226,sabha,27.0377,14.4283,91.11,10,0,12.24,LY,1650024355
227,beringovskiy,63.05,179.3167,32.0,98,100,20.65,RU,1650024355
228,port hardy,50.6996,-127.4199,35.47,69,50,3.36,CA,1650024356
229,mackenzie,55.2999,-123.1698,17.01,81,100,4.52,CA,1650024073
230,dunedin,-45.8742,170.5036,54.81,82,36,7.0,NZ,1650024223
231,korla,41.7597,86.1469,67.21,9,3,17.43,CN,1650024356
232,hovd,48.0056,91.6419,37.92,25,2,1.86,MN,1650024357
233,mormugao,15.4,73.8,84.87,68,94,9.1,IN,1650024357
234,cozumel,20.5083,-86.9458,74.95,92,56,9.75,MX,1650024357
235,meulaboh,4.1363,96.1285,80.96,81,75,2.8,ID,1650024358
236,tifton,31.4505,-83.5085,58.93,63,0,3.44,US,1650024358
237,severnyy,50.677,36.5532,60.84,25,0,6.71,RU,1650024359
238,west bay,19.3667,-81.4167,80.01,86,2,1.01,KY,1650024359
239,natal,-5.795,-35.2094,86.65,74,75,5.75,BR,1650024360
240,pisco,-13.7,-76.2167,59.05,88,6,1.14,PE,1650024360
241,westerland,54.9079,8.3033,50.02,71,75,9.22,DE,1650024279
242,goderich,43.7501,-81.7165,43.92,72,61,18.32,CA,1650024361
243,nanortalik,60.1432,-45.2371,25.56,72,100,15.3,GL,1650024361
244,gayeri,12.6497,0.4931,101.44,25,81,9.98,BF,1650024362
245,barcs,45.96,17.4586,68.9,49,42,14.88,HU,1650024320
246,nynashamn,58.9034,17.9479,49.1,61,21,12.15,SE,1650024363
247,rorvik,64.8621,11.2373,41.7,57,38,5.44,NO,1650024363
248,livanatai,38.7167,23.05,71.76,42,43,4.25,GR,1650024307
249,killybegs,54.6333,-8.45,56.91,92,89,7.87,IE,1650024363
250,yulara,-25.2406,130.9889,85.84,28,75,6.91,AU,1650024364
251,jonkoping,57.7814,14.1562,50.38,70,44,16.11,SE,1650024289
252,hambantota,6.1241,81.1185,86.34,84,40,10.36,LK,1650024364
253,le mars,42.7942,-96.1656,27.91,59,75,11.5,US,1650024364
254,necochea,-38.5473,-58.7368,52.77,67,0,10.02,AR,1650024365
255,grindavik,63.8424,-22.4338,46.87,93,100,31.07,IS,1650024365
256,taywarah,33.35,64.4167,63.81,9,33,6.85,AF,1650024365
257,naze,28.3667,129.4833,65.14,83,80,21.07,JP,1650024365
258,madaoua,14.073,5.96,101.34,25,59,12.73,NE,1650024366
259,gambo,4.6482,22.2633,88.21,48,96,5.35,CF,1650024366
260,ayan,56.45,138.1667,23.31,87,63,3.76,RU,1650024366
261,aguimes,27.9054,-15.4461,70.66,56,20,27.63,ES,1650024367
262,noumea,-22.2763,166.4572,66.18,86,98,5.14,NC,1650024213
263,mtwara,-10.2667,40.1833,84.56,76,56,11.21,TZ,1650024300
264,lufilufi,-13.8745,-171.5986,83.19,76,19,14.94,WS,1650024368
265,regina,50.4501,-104.6178,13.03,79,100,12.66,CA,1650024233
266,progreso,21.2833,-89.6667,74.1,91,87,11.27,MX,1650024368
267,nishihara,26.1842,127.7558,71.65,88,100,24.16,JP,1650024368
268,egvekinot,66.3167,-179.1667,19.69,87,87,18.34,RU,1650024369
269,broceni,56.7,22.5333,42.8,72,99,14.18,LV,1650024369
270,banepa,27.6298,85.5214,79.12,21,20,10.36,NP,1650024370
271,balgazyn,51.0,95.2,44.1,44,0,2.95,RU,1650024370
272,piacabucu,-10.4056,-36.4344,85.95,61,7,12.06,BR,1650024371
273,bilma,18.6853,12.9164,106.18,5,40,16.62,NE,1650024372
274,lakes entrance,-37.8811,147.981,62.74,71,100,1.68,AU,1650024372
275,metro,-5.1131,105.3067,78.35,83,99,2.84,ID,1650024372
276,tucumcari,35.1717,-103.725,42.64,17,0,8.05,US,1650024373
277,llangefni,53.2556,-4.3106,63.66,77,100,16.11,GB,1650024373
278,dolores,-36.3132,-57.6792,53.82,70,0,2.15,AR,1650024374
279,tungawan,7.5081,122.3711,80.04,81,20,3.29,PH,1650024375
280,caravelas,-17.7125,-39.2481,85.32,64,67,8.14,BR,1650024227
281,nichinan,31.6,131.3667,63.12,88,97,8.03,JP,1650024375
282,patamundai,20.5667,86.5667,87.84,61,63,16.28,IN,1650024250
283,norman wells,65.282,-126.8329,-0.72,99,100,3.83,CA,1650024376
284,hami,42.8,93.45,50.52,27,49,23.44,CN,1650024266
285,linjiang,41.8069,126.9078,42.33,48,1,1.81,CN,1650024377
286,xiaoweizhai,26.1903,107.5125,46.29,95,100,5.73,CN,1650024377
287,fantino,19.1215,-70.2997,75.74,90,25,3.42,DO,1650024378
288,kavaratti,10.5669,72.642,83.88,71,29,2.08,IN,1650024378
289,weston,26.1004,-80.3998,78.03,92,20,6.91,US,1650024378
290,khorinsk,52.1657,109.7726,38.61,59,100,10.42,RU,1650024379
291,ust-tsilma,65.441,52.1498,31.68,71,100,8.66,RU,1650024379
292,riyadh,24.6877,46.7219,91.54,15,100,11.25,SA,1650024379
293,tuatapere,-46.1333,167.6833,57.42,70,99,9.75,NZ,1650024380
294,taree,-31.9,152.4667,58.1,89,18,2.33,AU,1650024219
295,monterey,36.2505,-121.2516,46.17,1,33,3.51,US,1650024380
296,nanakuli,21.3906,-158.1547,74.1,72,0,4.61,US,1650024380
297,mitsamiouli,-11.3847,43.2844,84.92,67,18,5.5,KM,1650024381
298,kahului,20.8947,-156.47,73.85,74,0,9.22,US,1650024381
299,kenai,60.5544,-151.2583,34.09,92,100,0.0,US,1650024381
300,melfort,52.8667,-104.6177,14.5,93,100,10.16,CA,1650024382
301,gediz,39.0417,29.41,66.65,33,0,6.35,TR,1650024382
302,saint-philippe,-21.3585,55.7679,84.22,83,39,16.89,RE,1650024382
303,nicoya,10.1483,-85.452,77.14,77,77,6.4,CR,1650024383
304,paengaroa,-37.8167,176.4167,57.88,96,35,1.99,NZ,1650024383
305,helong,42.5397,128.9972,39.88,44,27,4.97,CN,1650024384
306,nantucket,41.2835,-70.0995,48.34,91,100,11.23,US,1650024384
307,conceicao do mato dentro,-19.0372,-43.425,72.45,78,11,4.43,BR,1650024385
308,broome,42.2506,-75.833,47.19,64,0,5.75,US,1650024385
309,fukue,32.6881,128.8419,56.7,70,100,25.86,JP,1650024385
310,iquique,-20.2208,-70.1431,63.97,68,5,4.16,CL,1650024182
311,hokitika,-42.7167,170.9667,54.95,83,69,2.59,NZ,1650024386
312,atasu,48.6814,71.6433,72.52,13,0,8.79,KZ,1650024386
313,maltahohe,-24.8333,16.9833,79.32,26,2,10.58,NA,1650024387
314,codrington,-38.2667,141.9667,59.52,96,95,3.36,AU,1650024387
315,freeport,40.6576,-73.5832,57.18,55,0,8.05,US,1650024387
316,kankan,10.3854,-9.3057,96.84,32,95,7.09,GN,1650024388
317,homer,59.6425,-151.5483,39.09,65,40,15.99,US,1650024288
318,mirnyy,62.5353,113.9611,15.94,86,93,9.19,RU,1650024254
319,whitianga,-36.8333,175.7,57.63,86,13,2.93,NZ,1650024388
320,kholodnyy,62.7167,147.95,9.5,94,100,3.13,RU,1650024389
321,fort stewart,31.8722,-81.61,64.27,62,0,6.91,US,1650024389
322,wangqing,43.3218,129.7634,44.2,39,73,2.33,CN,1650024389
323,aykhal,66.0,111.5,0.05,100,95,4.72,RU,1650024389
324,puksoozero,62.5903,40.6066,32.81,96,100,8.3,RU,1650024390
325,san patricio,28.017,-97.5169,73.27,96,100,6.31,US,1650024390
326,buala,-8.145,159.5921,78.21,84,100,2.93,SB,1650024391
327,boca do acre,-8.7522,-67.3978,72.81,97,100,3.78,BR,1650024391
328,san cristobal,7.7669,-72.225,69.98,60,94,3.33,VE,1650024391
329,sao jose da coroa grande,-8.8978,-35.1478,83.62,67,75,8.01,BR,1650024392
330,muisne,0.6,-80.0333,75.16,88,100,6.55,EC,1650024392
331,bowen,-20.0167,148.2333,75.85,64,12,17.27,AU,1650024392
332,poltava,49.5937,34.5407,60.84,44,79,7.52,UA,1650024216
333,margate,51.3813,1.3862,64.11,80,98,1.99,GB,1650024113
334,zamora,-4.0692,-78.9567,67.95,100,100,1.21,EC,1650024393
335,boyabat,41.4689,34.7667,60.21,52,76,6.2,TR,1650024393
336,amta,22.58,88.0083,93.02,45,41,20.02,IN,1650024318
337,lebu,-37.6167,-73.65,52.56,84,90,6.55,CL,1650024394
338,portland,45.5234,-122.6762,37.24,94,75,5.01,US,1650024395
339,svetlogorsk,52.6333,29.7333,60.6,48,100,10.22,BY,1650024395
340,kashi,39.4547,75.9797,74.64,16,0,8.37,CN,1650024396
341,tambopata,-12.7333,-69.1833,71.49,88,40,0.0,PE,1650024396
342,sinnamary,5.3833,-52.95,79.12,84,100,11.54,GF,1650024397
343,prince rupert,54.3161,-130.3201,35.58,59,46,4.45,CA,1650024397
344,komsomolskiy,40.4272,71.7189,83.12,17,0,4.61,UZ,1650024397
345,sur,22.5667,59.5289,96.53,31,22,7.58,OM,1650024347
346,makakilo city,21.3469,-158.0858,72.68,69,0,12.66,US,1650024398
347,maniitsoq,65.4167,-52.9,13.87,55,11,4.21,GL,1650024398
348,zhigansk,66.7697,123.3711,16.27,88,56,17.22,RU,1650024399
349,xapuri,-10.6517,-68.5044,72.14,92,100,4.09,BR,1650024399
350,altay,47.8667,88.1167,44.58,36,0,5.06,CN,1650024354
351,kaspiyskiy,45.3929,47.3707,56.75,54,84,14.61,RU,1650024399
352,naryan-mar,67.6713,53.087,26.73,81,79,12.8,RU,1650024400
353,sabang,5.8933,95.3214,84.72,69,82,6.22,ID,1650024400
354,nisia floresta,-6.0911,-35.2086,86.81,70,99,4.32,BR,1650024400
355,hualmay,-11.0964,-77.6139,65.25,87,23,9.51,PE,1650024400
356,havoysund,70.9963,24.6622,37.63,95,100,16.62,NO,1650024401
357,denia,38.8408,0.1057,73.74,52,61,10.0,ES,1650024401
358,murmashi,68.8154,32.8115,34.21,64,75,11.18,RU,1650024401
359,cayenne,4.9333,-52.3333,79.09,1,75,5.75,GF,1650024401
360,manhush,47.0558,37.3107,53.11,78,76,10.45,UA,1650024402
361,bambous virieux,-20.3428,57.7575,82.22,74,40,12.66,MU,1650024402
362,aldan,58.6031,125.3894,24.58,88,100,11.07,RU,1650024402
363,terrace,54.5163,-128.6035,31.33,77,98,2.66,CA,1650024403
364,urucui,-7.2294,-44.5561,83.5,69,38,2.59,BR,1650024403
365,neuquen,-38.9516,-68.0591,56.77,45,0,2.93,AR,1650024256
366,badvel,14.75,79.05,98.69,20,60,12.44,IN,1650024404
367,cabedelo,-6.9811,-34.8339,86.67,71,96,6.64,BR,1650024405
368,ust-kuyga,70.0167,135.6,-8.63,100,11,5.46,RU,1650024406
369,redding,40.5865,-122.3917,47.43,89,100,3.44,US,1650024366
370,ribeira grande,38.5167,-28.7,63.0,77,40,12.66,PT,1650024406
371,ugra,54.7777,34.3267,50.47,68,99,6.29,RU,1650024407
372,tingo maria,-9.2895,-76.0088,67.86,96,76,1.34,PE,1650024407
373,owando,-0.4819,15.8999,83.41,62,100,3.22,CG,1650024408
374,coquimbo,-29.9533,-71.3436,56.75,82,54,1.74,CL,1650024408
375,nortelandia,-14.4547,-56.8028,72.21,96,90,5.48,BR,1650024409
376,kendari,-3.945,122.4989,77.54,90,44,2.33,ID,1650024410
377,mayo,38.8876,-76.5119,57.13,64,0,4.61,US,1650024410
378,tahta,26.7693,31.5021,94.15,5,0,12.59,EG,1650024410
379,vangaindrano,-23.35,47.6,78.49,87,67,9.75,MG,1650024410
380,bentiu,9.2333,29.8333,87.58,46,100,8.97,SS,1650024411
381,bafq,31.6128,55.4107,85.71,17,91,12.3,IR,1650024324
382,beipiao,41.7919,120.7792,52.45,17,0,4.81,CN,1650024365
383,verkhnyaya inta,65.9811,60.3094,29.37,80,100,10.51,RU,1650024411
384,cocobeach,1.0002,9.5823,83.66,70,98,7.31,GA,1650024412
385,kruisfontein,-34.0033,24.7314,61.88,61,91,15.99,ZA,1650024229
386,bartlesville,36.7473,-95.9808,54.1,63,0,3.0,US,1650024412
387,katsuura,35.1333,140.3,51.82,92,100,26.82,JP,1650024413
388,ingham,42.6,-84.3833,44.02,44,0,12.66,US,1650024413
389,port blair,11.6667,92.75,86.04,70,20,3.44,IN,1650024413
390,khasan,42.4308,130.6434,42.01,70,20,6.53,RU,1650024413
391,gornopravdinsk,60.05,69.9,50.7,100,100,5.99,RU,1650024414
392,maragogi,-9.0122,-35.2225,82.69,70,80,7.18,BR,1650024414
393,mitu,1.1983,-70.1733,70.86,97,100,2.04,CO,1650024414
394,marinette,45.1,-87.6307,32.45,74,100,9.22,US,1650024414
395,grand falls,47.0461,-67.7418,39.61,99,100,6.15,CA,1650024415
396,arkhangelsk,64.5401,40.5433,39.31,44,20,8.95,RU,1650024138
397,praia,14.9215,-23.5087,72.41,70,3,14.67,CV,1650024227
398,westport,41.1415,-73.3579,55.9,57,52,5.01,US,1650024416
399,touho,-20.7833,165.2333,75.02,87,82,2.68,NC,1650024416
400,kloulklubed,7.0419,134.2556,79.3,76,100,8.12,PW,1650024416
401,port-gentil,-0.7193,8.7815,79.83,82,100,4.83,GA,1650024416
402,turayf,31.6725,38.6637,78.33,11,0,8.14,SA,1650024417
403,hamilton,39.1834,-84.5333,50.56,55,20,8.05,US,1650024418
404,ayyampettai,10.9014,79.1798,93.06,50,59,12.57,IN,1650024418
405,guadalupe y calvo,26.1,-106.9667,44.87,37,100,4.41,MX,1650024419
406,inta,66.0317,60.1659,29.75,78,100,12.19,RU,1650024419
407,fuxin,42.0156,121.6589,54.3,17,0,3.8,CN,1650024420
408,kiama,-34.6833,150.8667,66.0,80,93,5.91,AU,1650024420
409,nurota,40.5614,65.6886,83.59,18,37,10.65,UZ,1650024420
410,henties bay,-22.116,14.2845,63.19,77,14,14.63,NA,1650024421
411,clyde river,70.4692,-68.5914,-10.8,87,8,2.21,CA,1650024421
412,verkhoshizhemye,58.011,49.1038,31.89,98,100,11.36,RU,1650024312
413,preobrazheniye,42.9019,133.9064,39.76,69,14,5.01,RU,1650024421
414,vila velha,-20.3297,-40.2925,75.15,80,75,10.36,BR,1650024422
415,nouakchott,18.0858,-15.9785,82.33,48,0,10.04,MR,1650024392
416,deep river,46.1001,-77.4995,38.95,55,18,10.18,CA,1650024423
417,uaua,-9.8414,-39.4817,88.18,40,62,9.06,BR,1650024424
418,inhambane,-23.865,35.3833,85.37,70,92,13.67,MZ,1650024424
419,oviedo,43.3603,-5.8448,57.13,51,2,5.79,ES,1650024398
420,moerai,-22.4333,-151.3333,79.9,75,75,12.33,PF,1650024425
421,waddan,29.1614,16.139,93.78,10,32,18.75,LY,1650024426
422,saint-georges,12.0564,-61.7485,78.35,78,45,14.09,GD,1650024426
423,wakkanai,45.4094,141.6739,37.11,59,1,2.89,JP,1650024426
424,muros,42.7762,-9.0603,62.37,63,2,6.2,ES,1650024426
425,lamu,-2.2717,40.902,86.97,65,52,14.03,KE,1650024427
426,katobu,-4.9408,122.5276,76.78,93,21,3.76,ID,1650024427
427,camocim,-2.9022,-40.8411,81.21,80,64,6.78,BR,1650024427
428,renqiu,38.6989,116.0936,55.99,18,44,7.43,CN,1650024428
429,moyale,3.5167,39.0584,77.07,65,98,10.09,KE,1650024428
430,pandamatenga,-18.5278,25.627,87.4,33,59,5.53,BW,1650024428
431,tautira,-17.7333,-149.15,80.62,73,68,17.47,PF,1650024428
432,baker city,44.7749,-117.8344,24.64,91,75,0.0,US,1650024429
433,quartucciu,39.2519,9.1794,73.02,41,0,4.61,IT,1650024429
434,kibala,9.1104,18.3463,103.15,23,89,2.91,TD,1650024430
435,areosa,41.7178,-8.8571,64.22,62,4,5.82,PT,1650024430
436,zaranj,30.9667,61.8833,99.52,5,40,4.81,AF,1650024431
437,poyarkovo,49.6,128.6833,41.16,68,100,6.15,RU,1650024431
438,quatre cocos,-20.2078,57.7625,82.09,73,14,17.34,MU,1650024432
439,indiana,40.0003,-86.2503,47.91,61,0,9.22,US,1650024432
440,derzhavinsk,51.1,66.3167,74.07,24,88,13.2,KZ,1650024433
441,luba,3.4568,8.5547,82.76,75,100,4.12,GQ,1650024433
442,mackay,-21.15,149.2,67.68,71,0,11.83,AU,1650024433
443,santa isabel do rio negro,-0.4139,-65.0192,74.19,98,100,2.84,BR,1650024434
444,urusha,54.05,122.9,29.03,62,94,6.93,RU,1650024434
445,petrolina,-9.3986,-40.5008,77.05,94,75,3.44,BR,1650024284
446,socoltenango,16.2167,-92.25,64.06,72,63,4.0,MX,1650024435
447,kenora,49.8167,-94.4337,14.97,85,100,5.75,CA,1650024435
448,oksfjord,70.2396,22.3479,36.0,91,98,9.06,NO,1650024435
449,dan khun thot,15.2085,101.7714,94.68,29,46,8.3,TH,1650024181
450,hofn,64.2539,-15.2082,46.0,94,70,17.0,IS,1650024185
451,lagoa,39.05,-27.9833,58.8,81,67,22.97,PT,1650024436
452,qaqortoq,60.7167,-46.0333,25.34,72,86,7.38,GL,1650024436
453,seoul,37.5683,126.9778,56.64,38,37,8.55,KR,1650024148
454,vestmanna,62.1564,-7.1664,49.12,93,100,11.5,FO,1650024437
455,kutum,14.2,24.6667,92.68,4,12,8.28,SD,1650024437
456,palmer,42.1584,-72.3287,51.19,75,40,0.0,US,1650024341
457,hangu,39.2489,117.7892,60.84,19,8,7.23,CN,1650024438
458,acari,-15.4311,-74.6158,67.95,78,59,3.8,PE,1650024408
459,zhangjiakou,40.81,114.8794,50.58,13,0,6.33,CN,1650024438
460,mehamn,71.0357,27.8492,37.35,75,40,12.66,NO,1650024439
461,toora-khem,52.4675,96.11,38.79,68,11,0.6,RU,1650024439
462,pochutla,15.7432,-96.4661,77.83,75,32,2.57,MX,1650024440
463,muravlenko,63.7898,74.523,32.97,100,100,1.77,RU,1650024440
464,georgiyevka,43.0369,74.7114,77.04,31,0,6.71,KZ,1650024440
465,halifax,44.6453,-63.5724,40.89,96,100,11.01,CA,1650024441
466,vilhena,-12.7406,-60.1458,68.65,89,92,5.17,BR,1650024442
467,raga,8.4596,25.678,103.64,21,92,1.86,SS,1650024442
468,sao joao da barra,-21.6403,-41.0511,73.49,79,100,19.77,BR,1650024443
469,gigmoto,13.7796,124.39,78.49,81,49,3.78,PH,1650024443
470,bogorodskoye,56.55,37.8833,45.59,72,98,4.81,RU,1650024444
471,teknaf,20.8624,92.3058,83.32,80,23,7.9,BD,1650024407
472,salisbury,51.0693,-1.7957,68.56,56,65,8.16,GB,1650024444
473,williams lake,52.1415,-122.1445,22.08,68,27,1.79,CA,1650024445
474,carballo,43.213,-8.691,67.42,51,0,5.41,ES,1650024445
475,champerico,14.3,-91.9167,80.65,74,74,5.26,GT,1650024446
476,maine-soroa,13.2114,12.0241,104.29,18,78,10.96,NE,1650024446
477,dongying,37.4564,118.4856,54.93,15,88,1.7,CN,1650024338
478,pedernales,18.0384,-71.744,78.49,65,0,3.24,DO,1650024447
479,surman,32.7567,12.5716,69.28,61,100,16.2,LY,1650024447
480,poum,-20.2333,164.0167,75.34,82,88,4.23,NC,1650024447
481,melton,-37.6833,144.5833,64.44,72,99,0.65,AU,1650024448
482,khandyga,62.6667,135.6,7.95,95,12,3.15,RU,1650024448
483,svetlyy,54.675,20.1347,42.85,94,100,13.56,RU,1650024432
484,salta,-24.7859,-65.4117,55.58,90,83,1.01,AR,1650024210
485,fairbanks,64.8378,-147.7164,26.56,54,0,11.5,US,1650024283
486,garhi khairo,28.0606,67.9803,110.12,3,0,3.85,PK,1650024449
487,bandarbeyla,9.4942,50.8122,87.1,63,91,15.39,SO,1650024449
488,tiksi,71.6872,128.8694,1.36,100,100,6.6,RU,1650024450
489,ambon,-3.6954,128.1814,80.74,89,40,9.22,ID,1650024450
490,shalakusha,62.2247,40.2539,34.03,99,100,5.86,RU,1650024450
491,tura,25.5198,90.2201,81.32,68,17,3.18,IN,1650024451
492,alekseyevka,50.6309,38.6903,58.17,40,21,7.63,RU,1650024451
493,sorrento,40.626,14.3744,76.87,100,98,3.8,IT,1650024422
494,usinsk,65.9939,57.5281,28.83,76,100,13.73,RU,1650024451
495,indian head,38.6001,-77.1622,57.07,62,0,4.61,US,1650024322
496,oltu,40.5498,42.0013,48.0,57,33,3.31,TR,1650024452
497,okhotsk,59.3833,143.3,15.94,83,17,0.51,RU,1650024452
498,yarada,17.65,83.2667,88.12,70,40,6.91,IN,1650024453
499,padang,-0.9492,100.3543,80.8,83,76,3.0,ID,1650024454
500,dingle,10.9995,122.6711,78.42,86,98,1.77,PH,1650024454
501,kurmanayevka,52.5093,52.0675,41.34,95,100,17.31,RU,1650024455
502,brigham city,41.5102,-112.0155,41.02,78,100,4.0,US,1650024455
503,dali,25.7,100.1833,64.35,51,43,6.96,CN,1650024456
504,stromness,58.965,-3.296,49.96,89,100,14.0,GB,1650024366
505,japura,-0.3167,102.35,78.91,89,99,2.98,ID,1650024456
506,yuci,37.6803,112.7319,53.35,26,0,2.24,CN,1650024457
507,alta floresta,-9.8756,-56.0861,74.64,93,92,2.98,BR,1650024457
508,sucua,-2.4667,-78.1667,67.48,97,85,2.55,EC,1650024457
509,tongliao,43.6125,122.2653,51.57,24,0,8.25,CN,1650024217
510,kapit,2.0167,112.9333,79.72,81,83,2.1,MY,1650024458
511,wodonga,-36.1167,146.8833,62.11,97,100,0.0,AU,1650024458
512,waitati,-45.75,170.5667,54.81,82,19,4.56,NZ,1650024459
513,tripoli,32.8752,13.1875,67.73,67,86,13.69,LY,1650024459
514,obo,5.3998,26.4869,79.07,63,98,7.99,CF,1650024460
515,laguna,38.421,-121.4238,55.06,88,75,5.75,US,1650024460
516,beatrice,40.2681,-96.747,34.18,55,0,9.22,US,1650024461
517,mizque,-17.941,-65.3402,58.05,82,85,2.39,BO,1650024461
518,los llanos de aridane,28.6585,-17.9182,65.95,83,20,16.11,ES,1650024462
519,la palma,33.8464,-118.0467,56.01,83,75,3.44,US,1650024291
520,savalou,7.9281,1.9756,88.99,53,97,4.72,BJ,1650024463
521,jagdalpur,19.0667,82.0333,94.87,24,91,5.35,IN,1650024463
522,lucea,18.451,-78.1736,73.85,77,5,3.85,JM,1650024464
523,chipinge,-20.1883,32.6236,82.22,49,80,4.65,ZW,1650024306
524,kamenka,51.3223,42.7678,54.97,44,40,13.56,RU,1650024467
525,flin flon,54.7682,-101.865,11.61,78,100,11.03,CA,1650024467
526,marsa matruh,31.3525,27.2453,65.93,56,67,13.49,EG,1650024468
527,vigrestad,58.5667,5.7,53.82,78,98,5.59,NO,1650024468
528,santa cruz de tenerife,28.4682,-16.2546,76.87,60,0,4.61,ES,1650024311
529,aksu,41.1231,80.2644,73.83,13,47,8.68,CN,1650024468
530,kysyl-syr,63.8986,122.7617,27.03,91,98,9.06,RU,1650024469
531,juba,4.8517,31.5825,75.54,77,100,13.85,SS,1650024468
532,nyurba,63.2842,118.3319,23.79,91,100,11.88,RU,1650024223
533,saint-francois,46.4154,3.9054,71.67,51,40,3.44,FR,1650024469
534,beloha,-25.1667,45.05,94.26,35,73,3.53,MG,1650024470
535,samarai,-10.6167,150.6667,82.92,76,67,12.17,PG,1650024470
536,cherskiy,68.75,161.3,7.57,99,72,5.66,RU,1650024470
537,penzance,50.1186,-5.5371,52.92,100,75,9.22,GB,1650024467
538,lovington,32.944,-103.3485,54.18,92,0,1.01,US,1650024471
539,asau,46.4333,26.4,69.28,28,14,5.79,RO,1650024471
540,te anau,-45.4167,167.7167,54.82,81,84,9.46,NZ,1650024471
541,selma,36.5708,-119.6121,51.85,89,28,5.93,US,1650024471
542,port shepstone,-30.7414,30.455,70.23,84,77,32.39,ZA,1650024224
543,horsham,51.064,-0.3272,71.29,53,0,5.75,GB,1650024178
544,ban nahin,18.2418,104.2122,87.39,46,44,3.49,LA,1650024472
545,maridi,4.9158,29.4742,70.7,91,100,1.43,SS,1650024472
546,tonantins,-2.8731,-67.8022,73.2,100,100,2.33,BR,1650024472
547,mikhaylovka,50.06,43.2379,57.78,47,60,12.75,RU,1650024390
548,alberton,46.8168,-64.0654,38.77,96,100,11.5,CA,1650024473
549,peniche,39.3558,-9.3811,74.08,77,7,10.83,PT,1650024199
550,trinidad,-14.8333,-64.9,71.58,73,40,6.91,BO,1650024474
551,touros,-5.1989,-35.4608,84.67,69,84,7.54,BR,1650024474
552,kantang,7.4054,99.5156,80.24,87,98,5.08,TH,1650024475
